{
    "A": "AU",
    "ALOWER": "AU",
    "AR": "",
    "ARLOWER": "",
    "ARUPPER": "",
    "AUPPER": "AU",
    "B": "",
    "BIGOM": "deg",
    "BIGOMLOWER": "deg",
    "BIGOMUPPER": "deg",
    "BLOWER": "",
    "BMV": "mag",
    "BUPPER": "",
    "CHI2": "",
    "DEC": "degree",
    "DENSITY": "g/cm**3",
    "DENSITYLOWER": "g/cm**3",
    "DENSITYUPPER": "g/cm**3",
    "DEPTH": "",
    "DEPTHLOWER": "",
    "DEPTHUPPER": "",
    "DIST": "parsec",
    "DISTLOWER": "parsec",
    "DISTUPPER": "parsec",
    "DR": "",
    "DRLOWER": "",
    "DRUPPER": "",
    "DVDT": "m/(s day)",
    "DVDTLOWER": "m/(s day)",
    "DVDTUPPER": "m/(s day)",
    "ECC": "",
    "ECCLOWER": "",
    "ECCUPPER": "",
    "FE": "",
    "FELOWER": "",
    "FEUPPER": "",
    "GAMMA": "km/s",
    "GAMMALOWER": "km/s",
    "GAMMAUPPER": "km/s",
    "GRAVITY": "",
    "GRAVITYLOWER": "",
    "GRAVITYUPPER": "",
    "H": "mag",
    "I": "deg",
    "ILOWER": "deg",
    "IUPPER": "deg",
    "J": "mag",
    "K": "m/s",
    "KLOWER": "m/s",
    "KP": "mag",
    "KS": "mag",
    "KUPPER": "m/s",
    "LAMBDA": "deg",
    "LAMBDALOWER": "deg",
    "LAMBDAUPPER": "deg",
    "LOGG": "deg",
    "LOGGLOWER": "deg",
    "LOGGUPPER": "deg",
    "MASS": "M_jup",
    "MASSLOWER": "M_jup",
    "MASSUPPER": "M_jup",
    "MSINI": "M_jup",
    "MSINILOWER": "M_jup",
    "MSINIUPPER": "M_jup",
    "MSTAR": "M_sun",
    "MSTARLOWER": "M_sun",
    "MSTARUPPER": "M_sun",
    "OM": "deg",
    "OMLOWER": "deg",
    "OMUPPER": "deg",
    "PAR": "marcsec",
    "PARLOWER": "marcsec",
    "PARUPPER": "marcsec",
    "PER": "day",
    "PERLOWER": "day",
    "PERUPPER": "day",
    "R": "R_jup",
    "RA": "hourangle",
    "RHK": "",
    "RHOSTAR": "g/cm**3",
    "RHOSTARLOWER": "g/cm**3",
    "RHOSTARUPPER": "g/cm**3",
    "RLOWER": "R_jup",
    "RMS": "",
    "RR": "",
    "RRLOWER": "",
    "RRUPPER": "",
    "RSTAR": "R_sun",
    "RSTARLOWER": "R_sun",
    "RSTARUPPER": "R_sun",
    "RUPPER": "R_jup",
    "SEDEPTH36": "",
    "SEDEPTH36LOWER": "",
    "SEDEPTH36UPPER": "",
    "SEDEPTH45": "",
    "SEDEPTH45LOWER": "",
    "SEDEPTH45UPPER": "",
    "SEDEPTH58": "",
    "SEDEPTH58LOWER": "",
    "SEDEPTH58UPPER": "",
    "SEDEPTH80": "",
    "SEDEPTH80LOWER": "",
    "SEDEPTH80UPPER": "",
    "SEDEPTHH": "",
    "SEDEPTHHLOWER": "",
    "SEDEPTHHUPPER": "",
    "SEDEPTHJ": "",
    "SEDEPTHJLOWER": "",
    "SEDEPTHJUPPER": "",
    "SEDEPTHKP": "",
    "SEDEPTHKPLOWER": "",
    "SEDEPTHKPUPPER": "",
    "SEDEPTHKS": "",
    "SEDEPTHKSLOWER": "",
    "SEDEPTHKSUPPER": "",
    "SEP": "AU",
    "SEPLOWER": "AU",
    "SEPUPPER": "AU",
    "SHK": "",
    "T": "day",
    "T0LOWER": "day",
    "T0UPPER": "day",
    "T14": "day",
    "T14LOWER": "day",
    "T14UPPER": "day",
    "TEFF": "Kelvin",
    "TEFFLOWER": "Kelvin",
    "TEFFUPPER": "Kelvin",
    "TTLOWER": "day",
    "TTUPPER": "day",
    "UA": "AU",
    "UAR": "",
    "UB": "",
    "UBIGOM": "deg",
    "UDENSITY": "g/cm**3",
    "UDEPTH": "",
    "UDIST": "parsec",
    "UDR": "",
    "UDVDT": "m/(s day)",
    "UECC": "",
    "UFE": "",
    "UGAMMA": "km/s",
    "UGRAVITY": "",
    "UI": "deg",
    "UK": "m/s",
    "ULAMBDA": "deg",
    "ULOGG": "deg",
    "UMASS": "M_jup",
    "UMSINI": "M_jup",
    "UMSTAR": "M_sun",
    "UOM": "deg",
    "UPAR": "marcsec",
    "UPER": "day",
    "UR": "R_jup",
    "URHOSTAR": "g/cm**3",
    "URR": "",
    "URSTAR": "R_sun",
    "USEDEPTH36": "",
    "USEDEPTH45": "",
    "USEDEPTH58": "",
    "USEDEPTH80": "",
    "USEDEPTHH": "",
    "USEDEPTHJ": "",
    "USEDEPTHKP": "",
    "USEDEPTHKS": "",
    "USEP": "AU",
    "UT0": "day",
    "UT14": "day",
    "UTEFF": "Kelvin",
    "UVSINI": "km/s",
    "V": "mag",
    "VSINI": "km/s",
    "VSINILOWER": "km/s",
    "VSINIUPPER": "km/s"
}