{"species_atmospheric": {"711": "09601 HO79Br - Hypobromous acid", "610": "05018 O218O-asym - Ozone", "628": "05325 37ClO v=1 - Chlorine monoxide", "636": "05021 CH335Cl - Methyl chloride", "509": "09501 79BrO - Bromine monoxide", "510": "06316 HNO3 v5=1/v9=2 - Nitric acid", "433": "09502 79BrO v=1 - Bromine monoxide", "577": "04503 17OCO - Carbon dioxide", "649": "04603 18OCO - Carbon dioxide", "650": "03312 HO2 - Hydroperoxy radical", "466": "11302 O81BrO - Bromine dioxide", "690": "04825 O3 v2=2 - Ozone", "441": "04824 O3 v2=1 - Ozone", "724": "08203 H81Br - Hydrogen bromide", "629": "06607 COF2 - Carbonyl fluoride", "681": "06311 HNO3 - Nitric acid", "406": "04827 O3 v1=1, v3=1 + v2=1 - Ozone", "404": "05235 HOCl - Hypochlorous acid", "561": "05416 HO37Cl - Hypochlorous acid", "605": "03212 O2, v=1 - Molecular oxygen", "557": "05017 O218O-sym - Ozone", "455": "06703 O35ClO - Chlorine dioxide", "1298": "06511 HON18OO - Nitric acid  ", "565": "09802 HO81Br - Hypobromous acid", "659": "04642 NO2 - Nitrogen dioxide", "710": "05324 37ClO v=0 - Chlorine monoxide", "719": "04823 O3 - Ozone", "522": "04826 O3 v1=1, v3=1 - Ozone", "419": "05230 CH337Cl - Methyl chloride", "590": "07901 HOONO2 - Peroxynitric acid", "553": "11202 80SeO2 - Selenium Dioxide", "622": "11101 O79BrO - Bromine dioxide", "1296": "06428 DNO3 - Nitric acid", "1327": "10202 ClClOO - Chloryl chloride", "691": "06314 HNO3 v6=1 - Nitric acid", "524": "06317 HOONO - Peroxynitrous acid", "675": "09703 81BrO v=0 - Bromine monoxide", "517": "03313 17OO - Molecular oxygen", "1299": "06512 HONO18O - Nitric acid  ", "428": "08101 35ClNO2 - Nitryl chloride", "437": "06312 HNO3 v7=1 - Nitric acid", "508": "05232 CH2F2 v4=1 - Difluoromethane", "533": "06907 O37ClO - Chlorine dioxide", "668": "09801 H2SO4 - Sulfuric acid", "708": "10401 37ClOOCl - Chlorine peroxide", "426": "09705 35ClONO2 - Chlorine nitrate", "424": "05132 ClO v=1 - Chlorine monoxide", "519": "05131 ClO v=0 - Chlorine monoxide", "427": "06315 HNO3 v8=1 - Nitric acid", "1302": "06608 H37ClCO - Formyl Chloride", "1295": "06427 H15NO3 - Nitric acid", "1239": "04112 ArH+ - Argon hydride cation", "75": "05612 ONCN - Nitrosyl cyanide", "698": "05019 O218O-sym, v2=1 - Ozone", "435": "03407 18OO - Molecular oxygen", "479": "05020 O218O-asym, v2=1 - Ozone", "514": "06313 HNO3 v9=1 - Nitric acid", "552": "10201 ClOOCl - Chlorine peroxide", "687": "09704 81BrO v=1 - Bromine monoxide", "1297": "06510  H18ONO2 - Nitric acid  ", "391": "09904 37ClONO2 - Chlorine nitrate", "572": "05231 CH2F2 v=0 - Difluoromethane", "162": "06804 C3O2 \u03bd7 - Carbon suboxide", "415": "08005 H79Br - Hydrogen bromide", "669": "03213 O2, a1&Deltag - Molecular oxygen"}, "species_known_astronomical": {"1046": "05110 HC3N v5=1 - Cyanoacetylene", "1367": "01605 OI (oxygen atom) - Atomic Oxygen", "264": "03006 13C17O - Carbon Monoxide", "1365": "00301 3He+ - Atomic Helium", "507": "03907 c-HCCCD - Cyclopropenylidene", "1156": "00105 H\u03b3 - Hydrogen Recombination Line", "521": "06218 AlCl  v=0 - Aluminum Monochloride", "454": "04014 CCO - Oxoethenylidene", "121": "06215 g'Ga-(CH2OH)2 - Ethylene Glycol", "41": "02006 ND3 - Ammonia", "270": "06201 OC34S - Carbonyl Sulfide", "139": "04712 HDCS - Thioformaldehyde", "578": "07602 HC13CCCCN - Cyanobutadiyne", "885": "05236 26MgNC - Magnesium Isocyanide", "337": "07501 HC5N v = 0 - Cyanobutadiyne", "355": "02604 C13CH - Ethynyl", "1154": "00103 H\u03b1 - Hydrogen Recombination Line", "289": "04906 C4H v7 = 20 - 1,3-Butadiynyl radical", "1195": "02606 CN- - Cyanide anion", "59": "03022 N2D+ - Diazenylium", "179": "06101 O13CS - Carbonyl Sulfide", "172": "00501 HD2+ - Trihydrogen ion", "1163": "00205 He\u03b4 - Helium Recombination Line", "21130": "01815 17OH - Hydroxyl radical", "224": "03109 H2COH+ - Hydroxymethylium ion", "387": "04809 H2C34S - Thioformaldehyde", "791": "05319 Si13CC - Silicon Carbide", "1246": "04307 HNCO v6=1 - Isocyanic Acid", "299": "05123 13CCCN - Cyanoethynyl", "312": "07606 DCCCCCN - Cyanobutadiyne", "1073": "01807 H2O v2=2 - Water", "1300": "06507 KCN, KNC - Potassium cyanide, potassium isocyanide", "38": "03007 H13CO+ - Formylium", "185": "01401 CH2 - Methylene", "1152": "20000 Unidentified Transition - UNIDENTIFIED", "971": "02714 HNC v2=1 - Hydrogen Isocyanide", "713": "03024 NO - Nitric oxide", "801": "01801 17OH - Hydroxyl", "115": "03112 CF+ v = 0 - Fluoromethyliumylidene", "351": "01602 NH2 - Amidogen", "21134": "0367 HCl+ - Hydrochloric acid cation", "431": "06423 Al37Cl v=0 - Aluminum Monochloride", "489": "02808 H15NC - Hydrogen Isocyanide", "1090": "04427 SiO v = 2  - Silicon Monoxide", "984": "03208 CH3OH vt = 1 - Methanol", "247": "04522 HCS+ - Thioformylium", "833": "06108 Si33S v=0 - Silicon monosulfide", "6": "04413 CS v = 0  - Carbon Monosulfide", "64": "07301 C6H - 1,3,5-Hexatriynyl", "1245": "04306 HNCO v5=1 - Isocyanic Acid", "665": "01901 18OH - Hydroxyl", "47": "00401 H2D+ - Trihydrogen ion", "372": "05124 C13CCN - Cyanoethynyl", "697": "00201 D-atom - Atomic Deuterium", "21026": "06127 CH3O13CHO, vt = 0, 1 - Methyl formate, vt = 0, 1", "813": "03304 CH3OD - Methanol", "272": "07601 H13CCCCCN - Cyanobutadiyne", "21172": "06910 g-n-C3H7CN, v30 = 1 - gauche-n-butyronitrile", "1398": "01811 p-H2O+ - para-Oxidaniumyl", "215": "07605 HCCCC13CN - Cyanobutadiyne", "323": "06506 H2CCCHCN - Cyanoallene", "2": "04812 SO 3\u03a3 v = 1 - Sulfur Monoxide", "963": "01302 CH 2\u03a03/2 - Methylidyne", "138": "05901 HNCS a-type - Isothiocyanic acid", "148": "02927 N2H+ v = 0 - Diazenylium", "549": "05601 13CH3CH2CN - Ethyl Cyanide", "20": "04425 SiO v = 0  - Silicon Monoxide", "221": "04435 HCP v = 0 - Phosphaethyne", "620": "02002 H218O v=0 - Water", "1158": "00107 H\u03b5 - Hydrogen Recombination Line", "21158": "06024 CH3OCHO (OSU) - Methyl Formate", "339": "05005 CC13CCH - 1,3-Butadiynyl radical", "425": "02004 D2O - Water", "736": "04916 NaCN/NaNC - Sodium Cyanide", "341": "02811 H2CN - Methylene amidogen", "1388": "05809 NaCl v = 3 - Sodium Chloride", "472": "01903 HDO - Water", "21176": "06914 a-n-C3H7CN, v18 = 1 - anti-n-butyronitrile, v18 = 1", "403": "04646 AlF v=0 - Aluminum Monofluoride", "1": "07502 HC5N v11 = 1 - Cyanobutadiyne", "21174": "06912 a-n-C3H7CN, v30 = 1 - anti-n-butyronitrile, v30 = 1", "174": "06202 18OCS - Carbonyl Sulfide", "263": "05304 HCC13C15N - Cyanoacetylene", "146": "06419 CH3C4H - Methyl diacetylene", "110": "14701 HC11N - 2,4,6,8,10-Undecapentaynenitrile", "631": "05603 CH3CH213CN - Ethyl Cyanide", "60": "06501 33SO2 - Sulfur Dioxide", "485": "01813 15NH3 - Ammonia", "1333": "06008 CH3OCHO v=1 - Methyl Formate", "109": "03107 HDCO - Formaldehyde", "133": "07409 C5N - 4-Cyano-1,3-Butadiynyl", "1165": "01204 C\u03b2 - Carbon Recombination Line", "1416": "05417 E-HNCHCN - Cyanomethanimine", "624": "05701 13CCS - Thioxoethenylidene", "308": "04106 CH2DCCH - Methyl Acetylene", "24": "05001 34SO - Sulfur Monoxide", "1199": "05108 HC3N v6=1, v7=2 - Cyanoacetylene", "1174": "03209 CH3OH vt = 2 - Methanol", "401": "04202 CH313CN - Methyl Cyanide", "234": "03020 15NNH+ - Diazenylium", "1095": "04526 29SiO v = 1 - Silicon Monoxide", "758": "05309 CH2CHCN v= 0 - Vinyl Cyanide", "385": "05007 l-C4H2 - Butatrienylidene", "1173": "05906 CH3CONH2 - Acetamide", "1160": "00202 He\u03b1 - Helium Recombination Line", "225": "05211 HCC13CN v = 0 - Cyanoacetylene", "1244": "04305 HNCO v4=1 - Isocyanic Acid", "892": "03402 CH318OH - Methanol", "638": "01709 NH3 v=0 - Ammonia", "21183": "05510 C2H5CN, v12 = 1-A - Ethyl cyanide, v12 = 1", "268": "02603 13CCH - Ethynyl", "46": "05107 HC3N v6=1,v7=1 - Cyanoacetylene", "21088": "03917 38ArH+ - Argonium", "178": "00302 HD v = 0 - Molecular Hydrogen", "1352": "04308 HCNO - Fulminic acid", "637": "01806 H2O v2=1 - Water", "244": "05201 H13CCCN v = 0 - Cyanoacetylene", "222": "05207 HC13CCN v7 = 1 - Cyanoacetylene", "374": "06415 c-SiC3 - 3-Silanetetrayl-1,2-Propadienylidene ", "356": "06502 OS17O - Sulfur Dioxide", "92": "06111 l-C5H - 2,4-Pentadiynylidyne", "651": "04201 13CH3CN - Methyl Cyanide", "1308": "07410 C5N- - Cyanobutadiynylide anion", "990": "02813 CO v = 1 - Carbon Monoxide", "985": "03303 13CH3OH vt = 1 - Methanol", "175": "05008 C4D - 1,3-Butadiynyl radical", "1043": "04409 CH3CHO vt = 2  - Acetaldehyde", "21081": "04441 SiO, v = 0-10 - Silicon monoxide (global fit)", "1089": "04426 SiO v = 1  - Silicon Monoxide", "1118": "06022 SiS v=2-0 band - Silicon monosulfide", "291": "05002 S18O - Sulfur Monoxide", "63": "05004 C13CCCH - 1,3-Butadiynyl radical", "375": "07408 l-C6H2 - Hexatrienyl", "155": "03202 H2C18O - Formaldehyde", "251": "05610 CCS - Thioxoethenylidene", "261": "04006 SiC v = 0 - Silicon Monocarbide", "395": "04316 AlO - Aluminum monoxide", "319": "03302 13CH3OH vt = 0 - Methanol", "573": "04524 NH2CHO - Formamide", "21146": "05711 13CH3CH213CN - Ethyl cyanide", "388": "08802 CH3C6H - Methyltriacetylene", "21173": "06911 n-C3H7CN, v = 0 - n-Butyronitrile, gauche/anti combined", "1264": "05012 C3N- - Cyanoethynylide ion", "103": "04525 29SiO v = 0 - Silicon Monoxide", "653": "03308 SH v=0 - Mercapto radical", "317": "06001 OCS v = 0 - Carbonyl Sulfide", "491": "01710 NH3 v2=1 - Ammonia", "137": "02801 H13CN v = 0 - Hydrogen Cyanide", "21132": "03821 H37Cl+ - Hydrochloric acid cation", "430": "04502 HOCO+ - Protonated Carbon Dioxide", "1100": "04625 30SiO v = 1  - Silicon Monoxide", "107": "05322 AlNC - Aluminum Isocyanitrile", "304": "05206 HC13CCN v = 0 - Cyanoacetylene", "469": "01303 CH+ - Methyliumylidene", "586": "06104 29SiS v=0 - Silicon monosulfide  ", "21178": "06916 a-n-C3H7CN, v30 = 2 - anti-n-butyronitrile, v30 = 2", "546": "06410 SO2 v2=1 - Sulfur dioxide", "3": "04713 t-H13COOH - Formic Acid", "994": "04414 CS v = 1  - Carbon Monosulfide", "1041": "04108 CH3CN v8 = 1  - Methyl Cyanide", "149": "06603 OS18O - Sulfur Dioxide", "1129": "06107 29SiS v=1-0 - Silicon monosulfide", "445": "04109 CH3NC - Methyl isocyanide", "682": "03904 c-H13CCCH - Cyclopropenylidene", "1045": "05103 HC3N v7=3 - Cyanoacetylene", "198": "06307 l-HC4N - 3-Cyano-1,2-propadienylidene", "618": "03110 HNO - Nitrosyl hydride", "131": "03908 HCCN - Cyanomethylene", "808": "02907 D15NC - Hydrogen Isocyanide", "255": "02803 HC15N v = 0 - Hydrogen Cyanide", "21128": "0366 18O2 - Molecular oxygen", "21159": "05326 CH2CHCN (OSU) - Vinyl Cyanide", "21002": "04019 c-13CC2HD - Cyclopropenylidene", "529": "04407 CH3CHO v = 0  - Acetaldehyde", "1092": "04429 SiO v = 4  - Silicon Monoxide", "129": "08501 C7H - 2,4,6-Heptatriynylidyne", "142": "04504 13CS v = 0 - Carbon Monosulfide", "941": "06009 CH3COOH v=0 - Acetic Acid", "311": "04008 CH3CCH v = 0 - Methyl Acetylene", "104": "02607 C2H2 \u03bd5 \u2013 \u03bd4 - Acetylene", "100": "05014 MgNC v = 0 - Magnesium Isocyanide", "1370": "06120 CH3O13CHO (TopModel) - Methyl Formate", "141": "03008 HC17O+ - Formylium", "523": "01701 OH v=0 - Hydroxyl", "51": "05806 NaCl v = 0 - Sodium Chloride", "352": "05225 CCCO - 3-Oxo-1,2-Propadienylidene", "504": "04815 SO+ - Sulfur Monoxide ion", "1268": "05228 SiC2 v3=1 - Silicon Carbide", "193": "07415 KCl v = 0 - Potassium chloride", "776": "03601 H234S - Hydrogen sulfide", "160": "02923 HOC+ v = 0 - Hydroxymethylidyne", "451": "05013 MgCN - Magnesium Cyanide", "906": "03401 CHD2OH - Methanol", "252": "05208 HC13CCN v7 = 2 - Cyanoacetylene", "96": "04904 C4H v = 0 - 1,3-Butadiynyl radical", "872": "05318 29SiC2 - Silicon Carbide", "1378": "01307 13CII(13C+ - atom) - Atomic Carbon", "156": "06003 cis-CH2OHCHO v=0 - Glycolaldehyde", "564": "05118 HCCNC v=0 - Ethyne Isocyanide", "1274": "05505 CCP - Phosphapropynylidyne", "893": "07201 FeO - Iron Monoxide", "5": "04701 13C34S v = 0 - Carbon Monosulfide", "281": "04303 HDCCO - Ketene", "1201": "05109 HC3N v6=2 - Cyanoacetylene", "36": "05102 HC3N v7=1 - Cyanoacetylene", "531": "01905 H3O+ v2=0, 1 - Oxonium hydride", "1048": "05310 CH2CHCN v11= 1 - Vinyl Cyanide", "828": "03105 CH3NH2 - Methylamine", "964": "02703 HCN v2=2 - Hydrogen Cyanide", "619": "04203 CH3C15N - Methyl Cyanide", "841": "04818 CH3SH v = 0 - Methyl Mercaptan", "1380": "05903 HSCN  a-type - thiocyanic acid", "136": "05407 c-H2C3O - Cyclopropenone", "127": "05411 SiCN 2\u03a01/2 - Silicon Cyanide", "525": "03017 13CH2NH - Methanimine", "85": "05125 CC13CN - Cyanoethynyl", "541": "04726 PO - Phosphorus Monoxide", "293": "04624 30SiO v = 0  - Silicon Monoxide", "535": "02001 HF - Hydrogen fluoride", "492": "05227 SiC2 v=0 - Silicon Carbide", "528": "05122 HNCCC - 3-Imino-1,2 Propadienylidene", "282": "02501 CCH v = 0 - Ethynyl", "707": "05403 CH2CH13CN - Vinyl Cyanide ", "1101": "04626 30SiO v = 2  - Silicon Monoxide", "1166": "01205 C\u03b3 - Carbon Recombination Line", "68": "04810 D2CS - Thioformaldehyde", "1161": "00203 He\u03b2 - Helium Recombination Line", "189": "01301 CH 2\u03a01/2 - Methylidyne", "463": "00801 LiH v=0 - Lithium Hydride", "558": "05702 C13CS - Thioxoethenylidene", "1112": "06016 SiS v=1 - Silicon monosulfide", "21053": "02821 H13CN, v2 = 3 - Hydrogen cyanide ", "655": "03603 HCl - Hydrochloric acid", "418": "01805 H2O v=0 - Water", "1159": "00108 H\u03b6 - Hydrogen Recombination Line", "392": "03819 H37Cl - Hydrochloric acid", "17": "04110 H2CCNH - Ketenimine", "203": "05216 HCCC15N v = 0 - Cyanoacetylene", "77": "01812 NH2D - Ammonia", "436": "04639 t-CH3CH2OH - trans-Ethanol", "30": "04801 C36S v = 0 - Carbon Monosulfide", "285": "01906 NHD2 - Ammonia", "1372": "01408 CD+ - Methyliumylidene", "260": "07604 HCCC13CCN - Cyanobutadiyne", "21145": "05710 13CH313CH2CN - Ethyl cyanide", "7": "03103 D13CO+ - Formylium", "194": "03023 H2CO - Formaldehyde", "360": "03021 N15NH+ - Diazenylium", "58": "09901 HC7N v = 0 - 2,4,6-Heptatriynenitrile", "1366": "01404 NII (N+ - atom) - Atomic Nitrogen", "196": "02806 DCN v2 = 1 - Hydrogen Cyanide", "23": "02805 DCN v = 0 - Hydrogen Cyanide", "220": "08901 CH3C5N - Methylcyanodiacetylene", "21147": "05712 CH313CH213CN - Ethyl cyanide", "21": "04406 c-H2COCH2 - Ethylene Oxide", "12": "07610 SiC4 - Silicon tetracarbide", "279": "04811 SO 3\u03a3 v = 0 - Sulfur Monoxide", "150": "07611 K37Cl v = 0 - Potassium chloride", "21209": "06919 i-C3H7CN - iso-propyl cyanide", "163": "04635 t-HCOOH - Formic Acid", "1353": "04309 HOCN - Cyanic acid", "729": "05409 HCCCHO - 2-Propynal", "226": "02913 C17O - Carbon Monoxide", "986": "03501 CD3OH - Methanol", "321": "05202 H13CCCN v7 = 1 - Cyanoacetylene", "967": "02706 HCN v1=1 - Hydrogen Cyanide", "44": "04206 H2CCO - Ketene", "966": "02705 HCN v3=1 - Hydrogen Cyanide", "228": "04710 H213CS - Thioformaldehyde", "1155": "00104 H\u03b2 - Hydrogen Recombination Line", "256": "03009 DCO+ v = 0 - Formylium", "80": "06409 SO2 v = 0 - Sulfur dioxide", "874": "03305 CH2DOH - Methanol", "547": "05501 CH3CH2CN v = 0  - Ethyl Cyanide", "65": "02716 13CN - Cyanide Radical", "493": "03813 c-HCCCH  v=0  - Cyclopropenylidene", "117": "04604 C34S v = 0 - Carbon Monosulfide", "473": "02807 HN13C - Hydrogen Isocyanide", "1162": "00204 He\u03b3 - Helium Recombination Line", "332": "02802 H13CN v2 = 1 - Hydrogen Cyanide", "453": "04432 N2O v=0 - Nitrous Oxide", "15": "02915 HCO+ v=0 - Formylium", "1055": "04908 C4H- - 1,3-Butadiynyl anion", "582": "03404 H2S - Hydrogen sulfide", "468": "04405 DNCO - Isocyanic Acid", "1117": "06021 SiS v=1-0 and  2-1 bands - Silicon monosulfide", "245": "03005 C18O - Carbon Monoxide", "55": "03207 CH3OH vt = 0 - Methanol", "227": "03102 HC18O+ - Formylium", "495": "04641 CH3OCH3 - Dimethyl ether", "300": "04513 C33S v = 0 - Carbon Monosulfide  ", "402": "03502 HDS - Hydrogen sulfide", "1114": "06018 SiS v=3 - Silicon monosulfide", "717": "05602 CH313CH2CN - Ethyl Cyanide", "21085": "04659 Si18O, v = 0-5 - Silicon monoxide (global fit)", "21157": "03216 CH3OH (OSU) - Methanol", "21182": "0559 C2H5CN, v20 = 1-A - Ethyl cyanide, v20 = 1", "21175": "06913 g-n-C3H7CN, v29 = 1 - gauche-n-butyronitrile, v29 = 1", "232": "04902 33SO - Sulfur Monoxide", "1049": "05311 CH2CHCN v11= 2 - Vinyl Cyanide", "1250": "04423 CS, v = 2 - 1 - Carbon monosulfide", "33": "04214 SiN - Silicon Mononitride", "301": "01707 OH+ - Hydroxyl", "286": "09701 C8H - 1,3,5,7-Octatetraynyl", "393": "06007 CH3OCHO v=0 - Methyl Formate", "78": "06601 34SO2 v=0 - Sulfur Dioxide", "486": "04102 13CH3CCH - Methyl Acetylene", "490": "03211 O2 v=0 - Molecular oxygen", "685": "05801 CC34S - Thioxoethenylidene", "607": "04817 N34S - Nitric sulfide", "204": "02812 CO v = 0 - Carbon Monoxide", "673": "04304 HNCO v=0 - Isocyanic Acid", "1202": "05104 HC3N v7=4 - Cyanoacetylene", "570": "01604 OI - Atomic oxygen", "410": "03906 c-HCC13CH - Cyclopropenylidene", "1096": "04527 29SiO v = 2 - Silicon Monoxide", "727": "02914 HCO - Formyl Radical", "45": "03812 l-H2CCC - Propadienylidene", "21149": "05819 H3CCHCH2O - Propylene Oxide", "934": "06403 30Si34S v=0 - Silicon monosulfide  ", "170": "05221 HC3NH+ - Protonate 2-proynenitrile", "40": "02601 CN v = 0  - Cyanide Radical", "1198": "05111 HC3N v5=1,v7=1 - Cyanoacetylene", "699": "00101 H-atom - Atomic Hydrogen", "1091": "04428 SiO v = 3  - Silicon Monoxide", "748": "04005 CH2CN - Cyanomethyl", "296": "02809 DNC - Hydrogen Isocyanide", "1363": "05503 CH3CH2CN (OSU) - Ethyl Cyanide", "280": "05003 13CCCCH - 1,3-Butadiynyl radical", "706": "04715 t-DCOOH - Formic Acid", "875": "04637 NH213CHO - Formamide", "1281": "05804 (CH3)2CO vt=1 - Acetone", "1179": "02710 HCN v2=4 - Hydrogen Cyanide", "449": "04207 NH2CN - Cyanamide", "21179": "06917 g-n-C3H7CN, v28 = 1 - gauche-n-butyronitrile, v28 = 1", "239": "06420 TiO - Titanium monoxide", "79": "02810 HCNH+ - Iminomethylium", "1164": "01203 C\u03b1 - Carbon Recombination Line", "1044": "04640 g-CH3CH2OH - gauche-Ethanol", "484": "04104 CH3C13CH - Methyl Acetylene", "242": "05113 HC3N v4=1, v7=1 - Cyanoacetylene", "1052": "05502 CH3CH2CN v = 1  - Ethyl Cyanide", "1427": "00206 HeII\u03b1 - Helium Recombination Line", "1180": "02711 HCN v2=11-v2=40 - Hydrogen Cyanide", "105": "02502 CCH v2 = 1 - Ethynyl", "210": "04623 H2CS - Thioformaldehyde", "21082": "04547 29SiO, v = 0-6 - Silicon monoxide (global fit)", "647": "02602 CN v = 1  - Cyanide Radical", "652": "06015 SiS v=0 - Silicon monosulfide  ", "214": "04410 a-H2CCHOH - Vinyl Alcohol", "1413": "03703 l-C3H+ - Propynylidynium", "1076": "03602 D2S - Hydrogen sulfide", "4": "02910 13CO v = 0 - Carbon Monoxide", "1368": "01606 OIII (OII+ - atom) - Atomic Oxygen", "22": "04315 CP - Carbon Monophosphide", "709": "02816 CO+ - Carbon Monoxide Ion", "606": "04107 CH3CN v = 0  - Methyl Cyanide", "21142": "05708 CH3NCO, vb = 0 - Methyl isocyanate", "158": "06504 CH3C3N - 2-Butynenitrile", "273": "05218 DC3N v = 0 - Cyanoacetylene", "646": "05402 CH213CHCN - Vinyl Cyanide ", "21032": "0378 H2Cl+ - Chloronium", "1277": "05611 H2NCH2CN - Aminoacetonitrile", "27": "07603 HCC13CCCN - Cyanobutadiyne", "108": "07302 C6H\u2013 - 1,3,5-Hexatriynyl anion", "69": "01601 ND - Imidogen", "1050": "05312 CH2CHCN v15= 1 - Vinyl Cyanide", "1157": "00106 H\u03b4 - Hydrogen Recombination Line", "1397": "01810 o-H2O+ - ortho-Oxidaniumyl", "819": "05803 (CH3)2CO v=0 - Acetone", "497": "06204 Si34S v=0 - Silicon monosulfide", "21177": "06915 g-n-C3H7CN, v30 = 2 - gauche-n-butyronitrile, v30 = 2", "21101": "05135 HMgNC - Magnesium hydride isocyanide", "116": "04630 Si18O v = 0  - Silicon Monoxide", "147": "05106 HC3N v6=1 - Cyanoacetylene", "309": "02702 HCN v2=1 - Hydrogen Cyanide", "1001": "04605 C34S v = 1 - Carbon Monosulfide", "182": "02605 CCD - Ethynyl", "258": "02701 HCN v=0 - Hydrogen Cyanide", "294": "05101 HC3N v=0 - Cyanoacetylene", "664": "02926 CH2NH - Methanimine", "21119": "04660 H13C(O)NH2 - Formamide", "353": "06801 CCCS - 3-Thioxo-1,2-Propadieylidene", "1042": "04408 CH3CHO vt = 1  - Acetaldehyde", "130": "05209 HC13CCN v6 = 1 - Cyanoacetylene", "598": "06208 30SiS v=0 - Silicon monosulfide", "223": "05504 CNCHO - Cyanoformaldehyde", "369": "04905 C4H v7 = 1 - 1,3-Butadiynyl radical", "1222": "03310 SH+ - Sulfoniumylidene", "371": "02717 C15N - Cyanide Radical", "853": "05607 t-CH2CHCHO - Propenal", "82": "02712 HNC v=0 - Hydrogen Isocyanide", "61": "05413 SiNC 2\u03a01/2 - Silicon Isocyanide", "316": "05203 H13CCCN v7 = 2 - Cyanoacetylene", "94": "03203 D2CO - Formaldehyde", "10": "01306 13C-atom - Atomic Carbon", "849": "05410 30SiC2 - Silicon Carbide", "52": "03701 l-C3H v = 0  - Propynylidyne", "368": "05112 HC3N v4=1 - Cyanoacetylene", "595": "04644 NS, v=0 - Nitric sulfide", "1053": "05805 CH3CH2CHO - Propanal", "125": "01201 CI (C-atom) - Atomic Carbon", "14": "03101 13C18O - Carbon Monoxide", "379": "04411 s-H2CCHOH - Vinyl Alcohol", "21084": "04658 30SiO, v = 0-6 - Silicon monoxide (global fit)", "21181": "04665 C2H5OH - Ethanol, gauche/anti combined", "551": "05401 13CH2CHCN - Vinyl Cyanide ", "400": "04717 t-HCOOD - Formic Acid", "326": "05103 HC3N v7=2 - Cyanoacetylene", "482": "04533 PN v=0 - Phosphorous nitride", "275": "05006 CCC13CH - 1,3-Butadiynyl radical", "1113": "06017 SiS v=2 - Silicon monosulfide", "217": "01501 NH - Imidogen", "1249": "04422 CS, v = 1 - 0 - Carbon monosulfide", "1057": "09702 C8H- - 1,3,5,7-Octatetraynyl anion", "21118": "04551 HCONH2, v12 = 1 - Formamide", "324": "03106 H213CO - Formaldehyde", "1364": "01202 CII (C+ - atom) - Atomic Carbon", "212": "05010 CCCN v = 0 - Cyanoethynyl", "173": "12301 HC9N - 2,4,6,8-Nonatetraynenitrile", "209": "04105 CH3CCD - Methyl Acetylene"}, "species_potential": {"1256": "04716 c-DCOOH - Formic Acid", "302": "05613 HCCP - Ethynylphoshinidene", "585": "08803 C6O - Hexacarbon monoxide", "81": "04010 CH3CCH \u03bd10 - Methyl Acetylene", "183": "10002 HC13CC5N - 2,4,6-Heptatriynenitrile", "1171": "04647 AlF v=1 - Aluminum Monofluoride", "1306": "07203 CaS v=1 - Calcium sulfide", "416": "05220 DNCCC - DNCCC", "21198": "02202 D3O+ - Hydronium", "21093": "04115 MgOH - Magnesium hydroxide", "21196": "04919 HSO - Sulfeno", "21169": "02932 C2H3D - Ethylene", "21099": "0842 OC3S - Propadienonethione", "54": "07505 HC5N v11 = 4 - Cyanobutadiyne", "405": "03811 c-C3D - Cyclopropynylidyne", "21201": "05821 13CH313CH213CN - Ethyl cyanide", "21021": "0675 HCCNSi - Silaisocyanoacetylene", "1079": "04536 PN v=3 - Phosphorous nitride", "292": "06214 l-C5H2 - Pentatetraenylidene", "1325": "09004 CH2OHCOCH2OH v28=1 - Dihydroxyacetone", "21151": "04553 HON2+ - O-protonated nitrous oxide", "327": "10005 HC413CC2N - 2,4,6-Heptatriynenitrile", "106": "08004 ScCl - Scandium monochloride", "1221": "03309 SH v=1 - Mercapto radical", "1288": "06115 NH2CH2CH2OH v26=1 - Aminoethanol", "200": "03306 NH2OH - Hydroxylamine", "1248": "04421 CS+ - Carbon monosulfide cation", "975": "03002 D15N13C - Hydrogen Isocyanide", "134": "09902 HC7N v15 = 1 - 2,4,6-Heptatriynenitrile", "1103": "04628 30SiO v = 4  - Silicon Monoxide", "1228": "03814 c-HCCCH  v6=1  - Cyclopropenylidene", "1190": "02908 H13CNH+ - Iminomethylium", "233": "06102 OC33S - Carbonyl Sulfide", "1409": "05237 AlCCH, X 1\u03a3+ - Aliminum acetylide", "21112": "0714 CC13C34S - 3-Thioxo-1,2-propadienylidene", "1261": "04725 PO+ v=4 - Phosphorus Oxide Ion", "21137": "04830 HFCO - Formyl fluoride", "654": "03403 PH3 - Phosphine", "216": "06906 68ZnH - Zinc hydride", "21188": "06032 HN13CS a-type - Isothiocyanic acid", "543": "01803 OD - Hydroxyl", "1000": "04420 CS v = 7  - Carbon Monosulfide", "1104": "04629 30SiO v = 5  - Silicon Monoxide", "677": "09001 CH2OHCOCH2OH v=0 - Dihydroxyacetone", "599": "00701 6LiH v=0 - Lithium Hydride", "1141": "03702 l-C3H v4 = 1 2\u03a3\u03bc - Propynylidyne", "1147": "04519 C33S v = 6 - Carbon Monosulfide", "530": "05121 HCCNC v5 = 1 - Ethyne Isocyanide", "21108": "03027 C18O+ - Carbon Monoxide Ion", "21106": "02824 CO+, v = 1 - Carbon Monoxide Ion", "1115": "06019 SiS v=4 - Silicon monosulfide", "544": "05317 CC13CO - 3-Oxo-1,2-Propadienylidene", "161": "10007 HC613CN - 2,4,6-Heptatriynenitrile", "1131": "06305 29Si34S v=2 - Silicon monosulfide  ", "1357": "04440 HC15NO - Fulminic acid", "594": "03019 CH2ND - Methanimine", "1175": "00702 6LiH v=1 - Lithium Hydride", "21068": "04022 l-C3D2 - Propadienylidene", "21096": "0688 H2CNCH2CN - Methyleneaminoacetonitrile", "1080": "04537 PN v=4 - Phosphorous nitride", "21037": "0934 C313CCS - Thiopentatetraeynlidene", "575": "03405 SD - Mercapto radical", "21007": "06222 g-C2H5SH - Ethanethiol, gauche", "1189": "04538 H13CP - Phosphaethyne", "1410": "02104 H2F+ - Fluoronium", "1271": "05306 DC13CCN - Cyanoacetylene", "21168": "01713 NHD - Amidogen", "306": "04009 CH3CCH v10 = 1 - Methyl Acetylene", "1328": "12801 S4 - Tetrasulfur", "320": "04539 DCP - Phosphaethyne", "1217": "02718 HCCD - Acetylene", "1301": "06508 HS2 - Thiosulfeno", "21204": "10601 c-C6H5CHO - Benzaldehyde", "21061": "0599 30SiH3CN - Silyl cyanide", "1337": "08007 ZnO v=1 - Zinc Oxide", "661": "04602 DOCO+ - Protonated Carbon Dioxide", "1135": "06405 30Si34S v=2 - Silicon monosulfide", "152": "06702 66ZnH - Zinc hydride", "496": "03206 DNO - Nitrosyl hydride", "1213": "02201 NeD+ - Neon hydride cation", "1148": "04520 C33S v = 7 - Carbon Monosulfide", "502": "05506 CaCH3 - Calcium Monomethyl", "49": "10004 HC313CC3N - 2,4,6-Heptatriynenitrile", "13": "04301 H213CCO - Ketene", "1205": "01206 BH - Boron monohydride", "307": "05811 NCS - Thiocyanogen", "1225": "03802 l-13CCCH v4 = 1 2\u03a3\u03bc - Propynylidyne", "328": "03307 PH2 - Phosphidogen", "310": "05130 l-C313CH2 - Butatrienylidene", "1315": "07515 H2NCH2COOH - II v=2 - Glycine", "237": "07701 29SiC4 - Silicon tetracarbide", "1349": "03820 D234S - Hydrogen sulfide", "112": "03805 l-CC13CH v = 0  - Propynylidyne", "457": "04433 N2O v2=1 - Nitrous Oxide", "1226": "03804 l-C13CCH  v4 = 1 2\u03a3\u03bc - Propynylidyne", "21079": "04657 29Si17O, v=0, 1, 2 - Silicon monoxide", "718": "04210 41KH v=0 - Potassium hydride", "506": "07617 C5O - Pentacarbon monoxide", "1149": "05415 AlN13C - Aluminum Isocyanitrile", "1005": "04609 C34S v = 5 - Carbon Monosulfide", "1294": "06426 H35ClCO - Formyl Chloride", "1218": "03114 CH3O - Methoxy", "95": "05223 H2CCHCCH (C4H4) - Vinylacetylene", "21062": "07619 aG'g-CH3CHOHCH2OH - 1,2-propanediol, aG'g", "1193": "04819 CH3SH v = 1 - Methyl Mercaptan", "1207": "01902 18OH- - Hydroxl anion", "190": "05213 HCC13CN v7 = 2 - Cyanoacetylene", "1238": "04017 MgO v=1 - Magnesium oxide", "1329": "01405 13CH - Methylidyne  ", "1267": "05115 HC3N v2=1 - Cyanoacetylene", "21139": "04319 13CH313CN - Methyl cyanide", "1240": "04219 ArD+ - Argon hydride cation", "274": "07401 13CC5H - 1,3,5-Hexatriynyl", "283": "04622 DCS+ - Thioformylium", "1107": "04633 Si18O v = 3  - Silicon Monoxide", "325": "06112 PNO - Phosphorous nitride", "21042": "03118 N17O - Nitric oxide", "1068": "01708 OH- - Hydroxyl anion", "21097": "04549 trans-HOCO - Carboxyl, trans-", "26": "08601 l-C7H2 - Heptahexaenylidene", "21090": "05818 D2NCH2CN - Aminoacetonitrile", "1227": "03808 l-C3D v4 = 1 2\u03a3\u03bc - Propynylidyne", "1066": "01705 OH v=2 - Hydroxyl", "21049": "0776 SiC4H - Butadiynylsilylidyne", "1284": "06006 cis-CH2OHCHO v=3 - Glycolaldehyde", "364": "04205 CH3CNH+ - Iminoethylium", "982": "03108 H2C17O - Formaldehyde", "440": "04531 15NNO - Nitrous Oxide", "1232": "03911 NaO v=0 - Sodium monoxide", "456": "06310 PO2 - Phosphorus dioxide", "21111": "0689 CCCS, v5 = 1 - 3-Thioxo-1,2-propadienylidene, v5 = 1", "1002": "04606 C34S v = 2 - Carbon Monosulfide", "21013": "04734 a-s-CH2DCH2OH - anti-Ethanol", "1344": "02819 HBO - Oxyborane", "702": "07412 C2H5OOCH-trans - Ethyl formate", "21129": "0208 18OD - Hydroxyl radical", "343": "06103 17OCS - Carbonyl Sulfide", "21207": "05716 HOCH2CN - Hydroxyacetonitrile", "197": "07403 C213CC3H - 1,3,5-Hexatriynyl", "1097": "04528 29SiO v = 3 - Silicon Monoxide", "187": "07407 C6D - 1,3,5-Hexatriynyl", "965": "02704 HCN v2=3 - Hydrogen Cyanide", "186": "07506 HC5N v9 = 1 - Cyanobutadiyne", "412": "04601 HO13CO+ - Protonated Carbon Dioxide", "21200": "05715 H2N13CH2CN - Aminoacetonitrile", "380": "04621 H13CS+ - Thioformylium", "28": "07607 HCCCCC15N - Cyanobutadiyne", "568": "06308 PS v=0 - Phosphorus monosulfide", "1309": "07414 C3H6O2 - Hydroxyacetone", "21057": "05616 SiH3CCH - Silyl acetylene", "29": "04402 D2CCO - Ketene", "37": "05204 H13CCCN v6 = 1 - Cyanoacetylene", "202": "03205 H213COH+ - Hydroxymethylium ion", "527": "09005 88SrD - Strontium hydride", "1234": "03913 NaO v=2 - Sodium monoxide", "1272": "05307 DCC13CN - Cyanoacetylene", "144": "07004 NiC - Nickel carbide", "157": "05214 HCC13CN v6 = 1 - Cyanoacetylene", "205": "06401 OC36S - Carbonyl Sulfide", "381": "05904 MgCl - Magnesium monochloride", "21160": "06025 C2H5OCH3, ground state - Ethyl Methyl Ether, g.s.", "21033": "03916 H237Cl+ - Chloronium", "968": "02707 HCN v1=1, v2=1 - Hydrogen Cyanide", "21155": "04914 O217O-sym, v2 = 1 - Ozone", "603": "04212 H2CSi - Silylidene", "1137": "06407 Si36S v=1 - Silicon monosulfide  ", "50": "06902 C13CCS - 3-Thioxo-1,2-Propadieylidene", "1038": "04002 H13CCN - Cyanomethylene", "1339": "02403 LiOH - Lithium hydroxide", "593": "12401 C9O - Nonacarbon monoxide", "111": "04540 H2CP - Methylenephosphidogen", "71": "02924 HOC+ v2 = 1 - Hydroxymethylidyne", "21011": "04732 a-CH3CHDOH - anti-Ethanol", "1283": "06005 cis-CH2OHCHO v=2 - Glycolaldehyde", "1414": "04543 CH3COD vt = 0  - Acetaldehyde", "276": "10901 C9H - Nonatetraynylidyne", "383": "02817 13C15N - Cyanide Radical", "342": "05128 l-C13CC2H2 - Butatrienylidene", "1259": "04723 PO+ v=2 - Phosphorus Oxide Ion", "1139": "06503 29Si36S v=0 - Silicon monosulfide  ", "21047": "06610 H2S2 - Hydrogen disulfide", "1125": "06109 Si33S v=1 - Silicon monosulfide  ", "34": "07418 NiO - Nickel Monoxyde", "21059": "05814 SiH313CN - Silyl cyanide", "21048": "06611 SiC2N - Silylidynyl cyanomethylene", "184": "05133 KC - Potassium carbide", "562": "07102 MnO - Manganese monoxide", "411": "05313 CH2CHNC - Vinyl Isocyanide", "57": "05226 36SO - Sulfur Monoxide", "21069": "06430 o-c-SiC3 - 3-Silanetetrayl-1,2-Propadienylidene", "21041": "03117 15NO - Nitric oxide", "21091": "0724 s-cis-H2C=CHCOOH - Propenoic acid", "1009": "04802 C36S v = 1 - Carbon Monosulfide", "305": "06606 65CuH - Copper hydride", "1206": "01804 OD- - Hydroxyl anion", "246": "03001 D13C15N - Hydrogen cyanide", "21124": "03120 CH3CH2D - Ethane (g.s. and v18)", "1342": "02720 BO - Boron monoxide", "1143": "04515 C33S v = 2 - Carbon Monosulfide", "21109": "03119 13C18O+ - Carbon Monoxide Ion", "1381": "06704 c-C3H5CN - cyclo-Propyl cyanide", "1105": "04631 Si18O v = 1  - Silicon Monoxide", "1087": "04814 SO a 1\u0394 v = 1 - Sulfur Monoxide", "338": "02917 HCO+ v2 = 1 - Formylium", "21205": "10801 c-C6H5COCH3 - Anisole", "367": "07504 HC5N v11 = 3 - Cyanobutadiyne", "998": "04418 CS v = 5  - Carbon Monosulfide", "21165": "06128 ScO - Scandium oxide ", "21078": "07622 gGG'g-CH2OHCH2CH2OH - 1,3-propanediol, gGG'g", "19": "07509 HC4NC - Isocyanobutadiyne", "97": "05301 H13C13CCN - Cyanoacetylene", "21005": "05238 SiC2, v3 = 3 - Silicon carbide", "99": "07402 C13CC4H - 1,3,5-Hexatriynyl", "21022": "0685 NCNSi - Silaisocyanogen", "1036": "04707 13C34S v = 6 - Carbon Monosulfide", "218": "04523 HSC - Thiohydroxymethylidyne", "21008": "06223 a-C2H5SH - Ethanethiol, anti", "398": "05314 HNCCN+ - Protonated dicyane", "21153": "04912 O217O-asym, v2 = 1 - Ozone", "1286": "06014 Na37Cl v = 2 - Sodium Chloride", "602": "05614 MgS - Magnesium sulfide", "21014": "06124 CH2(OD)CHO - Glycolaldehyde", "98": "08202 Sc37Cl - Scandium monochloride", "983": "04638 15NH2CHO - Formamide", "284": "06802 HC3P - Phosphabutadiyne", "359": "04636 c-HCOOH - Formic Acid", "230": "05116 HC3N v5=1/v7=3 - Cyanoacetylene", "266": "04613 13C33S v = 0 - Carbon Monosulfide", "180": "04822 HPO - Oxophosphine", "1211": "02003 H218O v=1 - Water", "21127": "04444 N2O v3=1 - Nitrous Oxide", "1426": "06122 13CH2OHCHO - Glycolaldehyde", "206": "06803 FeC - Iron Carbide", "452": "05315 13CCCO - 3-Oxo-1,2-Propadienylidene", "1021": "04509 13CS v = 5 - Carbon Monosulfide", "313": "06011 Ga-n-C3H7OH - n-Propanol", "1379": "04218 NCO- - oxocyanogen anion", "1124": "06211 30SiS v=1-0 band - Silicon monosulfide", "1260": "04724 PO+ v=3 - Phosphorus Oxide Ion", "503": "00803 6LiD v=0 - Lithium Hydride", "21028": "06225 C313CCH - 2,4-Pentadiynylidyne", "1034": "04705 13C34S v = 4 - Carbon Monosulfide", "335": "07405 C413CCH - 1,3,5-Hexatriynyl", "21071": "0906 CHOCHOHCH2OH - Glyceraldehyde", "996": "04416 CS v = 3  - Carbon Monosolfide", "277": "06402 18OC34S - Carbonyl Sulfide", "1417": "05418 Z-HNCHCN - Cyanomethanimine", "21054": "02822 H13CN, v3 = 1 - Hydrogen cyanide ", "1358": "06609 HC4OH - ", "422": "04101 Si13C - Silicon carbide", "721": "05606 gauche-CH2DCH2CN - Ethyl Cyanide", "1121": "06207 Si34S v=1-0 band - Silicon monosulfide", "1017": "04505 13CS v = 1 - Carbon Monosulfide", "1326": "09602 S3 - Thiozone", "21072": "04317 HNSi - Iminosilylene", "1345": "03115 15NND+ - Diazenylium", "1254": "04719 t-HONO - Trans - HONO", "344": "04521 HCS - Thioxomethyl", "345": "07002 H2C3S - Propadienthione", "21060": "05815 29SiH3CN - Silyl cyanide", "236": "06216 g'Gg-(CH2OH)2 - Ethylene Glycol", "229": "07705 SiC313C - Silicon tetracarbide", "1303": "06904 CH3CH2CH2CN-gauche - Butyronitrile", "462": "01904 H217O - Water", "288": "10001 H13CC6N - 2,4,6-Heptatriynenitrile", "1371": "01407 13CH+ - methyliumylidene", "199": "06002 OCS v2 = 1 - Carbonyl Sulfide", "21197": "02105 D2HO+ - Hydronium", "140": "04401 H2CC18O - Ketene", "119": "08602 NiCO - Nickel monocarbonyl", "1411": "04656 H2SiO - Silanone", "1060": "06013 Na37Cl v = 1 - Sodium Chloride", "1253": "04612 C34S, v = 1 - 0 band - Carbon monosulfide", "21107": "02931 13CO+ - Carbon Monoxide Ion", "663": "03018 CH215NH - Methanimine", "11": "03201 DC18O+ - Formylium", "1077": "04534 PN v=1 - Phosphorous nitride", "461": "06417 C4O - Tetracarbon monoxide", "1122": "06209 30SiS v=1 - Silicon monosulfide", "21080": "04735 30Si17O, v = 0, 1, 2 - Silicon monoxide", "43": "07404 C313CC2H - 1,3,5-Hexatriynyl", "670": "04541 AlOD - Aluminum deuteroxide", "408": "06113 NH2CH2CH2OH v=0 - Aminoethanol", "21126": "04443 N2O v1=1 - Nitrous oxide", "1319": "08003 TiO2 - Titanium dioxide", "62": "10003 HC213CC4N - 2,4,6-Heptatriynenitrile", "1099": "04530 29SiO v = 5 - Silicon Monoxide", "1235": "03914 NaO v=3 - Sodium monoxide", "1242": "04211 41KH v=1 - Potassium hydride", "21202": "0922 G'Gg'gg'-CH2(OH)CH(OH)CH2OH - Glycerol", "1023": "04511 13CS v = 7 - Carbon Monosulfide", "483": "05405 CH2CDCN - Vinyl Cyanide", "1383": "02929 SiH 2&Pi1/2 - Silicon Hydride", "1098": "04529 29SiO v = 4 - Silicon Monoxide", "21098": "04550 cis-HOCO - Carboxyl, cis-", "21148": "06431 CrC - Chromium carbide", "21010": "04731 a-CH3CH2OD - anti-ethanol", "1019": "04507 13CS v = 3 - Carbon Monosulfide", "1270": "05305 D13CCCN - Cyanoacetylene", "1223": "03311 SH- - Hydrogensulfide anion", "340": "04711 H2C33S - Thioformaldehyde", "488": "04532 N15NO - Nitrous Oxide", "21030": "06227 C13CC3H - 2,4-Pentadiynylidyne", "1083": "04651 P15N v=2 - Phosphorous nitride", "1320": "08201 50TiO2 - Titanium dioxide", "135": "06901 13CCCS - 3-Thioxo-1,2-Propadieylidene", "671": "05119 HCCNC v7 = 1 - Ethyne Isocyanide", "267": "05205 H13CCCN v5 = 1 / v7 = 3 - Cyanoacetylene", "86": "04903 S17O - Sulfur Monoxide", "21116": "0715 C13CC34S - 3-Thioxo-1,2-propadienylidene", "460": "05120 HCCNC v6 = 1 - Ethyne Isocyanide", "253": "03503 NaC - Sodium carbide", "1004": "04608 C34S v = 4 - Carbon Monosulfide", "349": "04813 SO a 1\u0394 v = 0 - Sulfur Monoxide", "1287": "06114 NH2CH2CH2OH v27=1 - Aminoethanol", "641": "09401 C534S - Thiopentatetraeynlidene", "569": "01403 N atom - D-state - Atomic Nitrogen", "988": "05016 Na13CN/NaN13C - Sodium Cyanide", "1015": "04808 C36S v = 7 - Carbon Monosulfide", "21064": "07621 g'G'g-CH3CHOHCH2OH - 1,2-propanediol, g'G'g", "176": "04001 c-C3H4 - Cyclopropene", "1094": "04431 SiO v = 6  - Silicon Monoxide", "1219": "03204 HD13CO - Formaldehyde", "21083": "04548 Si17O, v = 0-4 - Silicon monoxide (global fit)", "1134": "06404 30Si34S v=1 - Silicon monosulfide", "93": "05015 MgNC v2 = 1 - Magnesium Isocyanide", "211": "07507 HC5N v10 = 1 - Cyanobutadiyne", "21199": "05714 H2NCH213CN - Aminoacetonitrile", "999": "04419 CS v = 6  - Carbon Monosulfide", "972": "02713 HNC v1=1 - Hydrogen Isocyanide", "1110": "06412 SO2 v1 = 1 - Sulfur Dioxide", "21102": "0557 HSiCN - Cyanosilylidene", "269": "09903 HC7N v15 = 2 - 2,4,6-Heptatriynenitrile", "370": "03903 l-CC13CH2 - Propadienylidene", "1425": "06121 CH2OH13CHO - Glycolaldehyde", "21189": "06033 H15NCS a-type - Isothiocyanic acid", "1237": "04013 KH v=1 - Potassium hydride", "589": "06213 l-C5D - 2,4-Pentadiynylidyne", "1059": "05807 NaCl v = 1 - Sodium Chloride", "1153": "03806 l-CC13CH  v4 = 1 2\u03a3\u03bc - Propynylidyne", "365": "03210 PH - Phosphinidene", "1334": "07517 NH2CO2CH3 v=0 - Methyl Carbamate", "995": "04415 CS v = 2  - Carbon Monosulfide", "21163": "06028 C2H5OCH3, v28 = 1 - Ethyl Methyl Ether", "804": "06303 29Si34S v=0 - Silicon monosulfide  ", "1183": "02920 HCO+ v3 = 1 - Formylium", "1233": "03912 NaO v=1 - Sodium monoxide", "1400": "05907 AlS, X 2\u03a3+ - Aluminum monosulfide", "1033": "04704 13C34S v = 3 - Carbon Monosulfide", "363": "02909 HCND+ - Iminomethylium", "396": "04015 NaOH - Sodium hydroxide", "1229": "03815 c-HCCCH  v5=1  - Cyclopropenylidene", "643": "03104 H18OC+ - Hydroxymethylidyne", "1084": "04652 P15N v=3 - Phosphorous nitride", "962": "03113 CF+ v = 1 - Fluoromethyliumylidene", "208": "02901 H13C15N v = 0 - Hydrogen cyanide", "9": "04314 MgF - Magnesium monofluoride", "1111": "06602 34SO2 v2=1 - Sulfur Dioxide", "1275": "05608 c-CH2CHCHO - Propenal", "679": "03809 c-13CCCH - Cyclopropynylidyne", "21074": "05817 m-Si2H2 - Disilyne", "123": "03818 C2N - Cyanomethylidyne", "1322": "08903 CH3CHNH2COOH - II - \u03b1-Alanine", "1026": "04616 13C33S v = 3 - Carbon Monosulfide", "730": "01402 N-atom - Atomic Nitrogen", "21100": "0198 NH3D+ - Ammonium", "295": "03016 DOC+ - Hydroxymethylidyne", "1384": "02930 SiH 2&Pi3/2 - Silicon Hydride", "1279": "05813 KF v = 1 - Potassium fluoride", "1011": "04804 C36S v = 3 - Carbon Monosulfide", "1313": "07512 H2NCH2COOH - I v=2 - Glycine", "346": "06905 NC2P - C-Cyanophosphaethyne", "101": "04828 NaCCH - Sodium acetylide", "1106": "04632 Si18O v = 2  - Silicon Monoxide", "153": "06509 ZnH - Zinc hydride", "1216": "02504 CCH- - Ethynylide anion", "1027": "04617 13C33S v = 4 - Carbon Monosulfide", "278": "05233 KCH - Potassium methylidyne", "1133": "06212 29Si33S v=0 - Silicon monosulfide  ", "21170": "05713 CH3OCN - Methyl cyanate", "1003": "04607 C34S v = 3 - Carbon Monosulfide", "76": "05126 CCC15N - Cyanoethynyl", "494": "03910 D37Cl - Hydrochloric acid", "249": "08002 S2O v = 0 - Disulfurmonoxide", "1176": "00802 LiH v=1 - Lithium Hydride", "21094": "04442 H2NCO+ - Protonated isocyanic acid", "35": "05127 l-13CC3H2 - Butatrienylidene", "257": "03909 H2C3H - Propargyl radical", "386": "13701 CH3C9N - Methylcyanotetraacetylene", "1132": "06306 30Si33S v=0 - Silicon monosulfide  ", "1020": "04508 13CS v = 4 - Carbon Monosulfide", "1210": "02007 15NHD2 - Ammonia", "74": "04215 NaF v = 0 - Sodium fluoride", "1324": "09003 CH2OHCOCH2OH v29=1 - Dihydroxyacetone", "513": "06903 CH3CH2CH2CN-anti - Butyronitrile", "1355": "04438 DCNO - Fulminic acid", "1265": "05009 C4D- - Butadiynylide ion", "1341": "02719 H10BO - Oxyborane", "90": "05215 HCC13CN v5 = 1 / v7 = 3 - Cyanoacetylene", "1346": "03116 N15ND+ - Diazenylium", "1323": "09002 CH2OHCOCH2OH v30=1 - Dihydroxyacetone", "1032": "04703 13C34S v = 2 - Carbon Monosulfide", "1140": "06604 30Si36S v=0 - Silicon monosulfide", "122": "05117 HC3N v4=1,v7=2/v5=20e - Cyanoacetylene", "21141": "03315 HDC18O - Formaldehyde", "21092": "0725 s-trans-H2C=CHCOOH - Propenoic acid", "1196": "05412 SiCN 2\u03a03/2 - Silicon Cyanide", "1316": "07613 K37Cl v = 2 - Potassium chloride", "583": "11203 C8O - Octacarbon monoxide ", "201": "02503 MgH - Magnesium monohydride", "1014": "04807 C36S v = 6 - Carbon Monosulfide", "8": "08401 FeCO - Iron Monocarbonyl", "21075": "06229 t-HC(O)SH - Monothiformic acid", "354": "08701 l-HC6N - Cyanobutadiynylmethylene", "1215": "02401 NaH v=0 - Sodium hydride", "1356": "04439 H13CNO - Fulminic acid", "1144": "04516 C33S v = 3 - Carbon Monosulfide", "1317": "07616 41KCl v = 2 - Potassium chloride", "1292": "06119 NH2CH2CH2OH v25+v27 - Aminoethanol", "656": "03015 HO13C+ - Hydroxymethylidyne", "21043": "03214 N18O - Nitric oxide", "678": "06414 S2 - Diatomic sulfur", "1197": "05414 SiNC 2\u03a03/2 - Silicon Isocyanide", "693": "10010 C7O - Heptacarbon monoxide", "1224": "03706 36ArH+ - Argon hydride cation", "21044": "03215 15N17O - Nitric oxide", "1167": "06219 AlCl  v=1 - Aluminum Monochloride", "1257": "04718 c-HCOOD - Formic Acid", "32": "12101 C10H - Decapentaynyl", "584": "05605 trans-CH2DCH2CN - Ethyl Cyanide", "1251": "04424 CS, v = 2 - 0 - Carbon monosulfide", "1116": "06020 SiS v=5 - Silicon monosulfide", "21056": "0777 AlC3N - Aluminum cyanoacetylide", "243": "06505 CH3CCNC - 2-Butyneisonitrile", "1289": "06116 NH2CH2CH2OH  v25=1 - Aminoethanol", "1247": "04412 C3H8 - Propane", "21208": "06920 i-C3H7CN, v30 = 1 - iso-propyl cyanide", "1146": "04518 C33S v = 5 - Carbon Monosulfide", "1168": "06220 AlCl  v=2 - Aluminum Monochloride", "1310": "07413 C2H5OOCH-gauche - Ethyl formate", "1031": "04702 13C34S v = 1 - Carbon Monosulfide", "1220": "03301 D213CO - Formaldehyde", "48": "03605 NaCH - Sodium methylidyne", "1120": "06206 Si34S v=2 - Silicon monosulfide", "315": "04436 HCP v2 = 1 - Phosphaethyne", "1335": "07518 NH2CO2CH3 v=1 - Methyl Carbamate", "21105": "0942 C6H5OH - Phenol", "21104": "06023 c-C2H4S - Ethylene sulfide", "474": "05316 C13CCO - 3-Oxo-1,2-Propadienylidene", "207": "07608 c-C6H4 - o-Benzyne", "21034": "09301 13CC4S - Thiopentatetraeynlidene", "357": "05406 l-H2C3O - Propadienone", "21136": "14301 IO - Iodine monoxide", "1006": "04610 C34S v = 6 - Carbon Monosulfide", "31": "07703 SiC13CC2 - Silicon tetracarbide", "1030": "04620 13C33S v = 7 - Carbon Monosulfide", "373": "06701 NCHCCO - Cyanoethenone", "21046": "06513 SiC3H - Propynylidenyl silylidyne", "21123": "06612 H2C(CN)2 - Malononitrile", "262": "07513 H2NCH2COOH - II v=0 - Glycine", "1029": "04619 13C33S v = 6 - Carbon Monosulfide", "21114": "0705 C13C13CS - 3-Thioxo-1,2-propadienylidene", "997": "04417 CS v = 4  - Carbon Monosulfide", "1013": "04806 C36S v = 5 - Carbon Monosulfide", "21203": "0923 GGag'g'-CH2(OH)CH(OH)CH2OH - Glycerol", "1024": "04614 13C33S v = 1 - Carbon Monosulfide", "1028": "04618 13C33S v = 5 - Carbon Monosulfide", "21031": "06228 13CC4H - 2,4-Pentadiynylidyne", "181": "02904 DC15N - Hydrogen cyanide", "1047": "03905 c-HC13CCH - Cyclopropenylidene", "290": "07003 NCC(O)NH2 - Cyanoformamide", "235": "03901 l-13CCCH2 - Propadienylidene", "21006": "05239 SiC2, v3 = 4  - Silicon carbide", "21162": "06027 C2H5OCH3, v29 = 1 - Ethyl Methyl Ether", "1241": "04216 NaF v = 1 - Sodium fluoride", "1422": "04545 C2H5NH2 - Ethylamine", "21086": "04736 29Si18O, v = 0-3 - Silicon monoxide (global fit)", "1269": "05229 SiC2 v3=2 - Silicon Carbide", "1231": "03817 c-HCCCH  v2=1  - Cyclopropenylidene", "21052": "02820 H13CN, v2 = 2 - Hydrogen cyanide ", "977": "03010 DCO+ v1 = 1 - Formylium", "1082": "04650 P15N v=1 - Phosphorous nitride", "241": "07406 C513CH - 1,3,5-Hexatriynyl", "1078": "04535 PN v=2 - Phosphorous nitride", "88": "07614 41KCl v = 0 - Potassium chloride", "361": "06012 Na37Cl v = 0  - Sodium chloride", "1421": "12102 YS - Yttrium monosulfide", "970": "02709 HCN v1=1, v2=2 - Hydrogen Cyanide", "1290": "06117 NH2CH2CH2OHv27=2 - Aminoethanol", "21036": "0933 C213CC2S - Thiopentatetraeynlidene", "213": "03807 l-C3D v = 0  - Propynylidyne", "378": "04313 C2H3NH2 0\u2013 \u2190 0+ - Vinylamine", "91": "07702 Si13CC3 - Silicon tetracarbide", "1212": "02102 NeH+ - Neon hydride cation", "1022": "04510 13CS v = 6 - Carbon Monosulfide", "18": "04012 KH v=0 - Potassium hydride", "642": "03705 DCl - Hydrochloric acid", "21150": "04552 HN2O+ - Protonated nitrous oxide", "21195": "08010 OC(CN)2 - Carbonyl cyanide", "21190": "06034 HS13CN - Thiocyanic acid", "169": "10011 SiC6 - Hexatriynylidenesilylidyne", "376": "06302 18O13CS - Carbonyl Sulfide", "1203": "00902 LiD v=1 - Lithium Hydride", "974": "02906 DN13C - Hydrogen Isocyanide", "21067": "0792 c-C5H5N - Pyridine", "446": "04721 PO+ v=0 - Phosphorus Oxide Ion", "21206": "05424 C2H5CCH - 1-butyne", "1035": "04706 13C34S v = 5 - Carbon Monosulfide", "1102": "04627 30SiO v = 3  - Silicon Monoxide", "1412": "06221 H2SiS - Silanethione", "21077": "06231 C4N - Cyanopropynylidyne", "623": "03810 c-CC13CH - Cyclopropynylidyne", "1423": "04546 HSiO - Oxosilyl", "72": "10009 DC7N - 2,4,6-Heptatriynenitrile", "362": "05210 HC13CCN v5 = 1 / v7 = 3 - Cyanoacetylene", "21095": "05707 CaOH - Calcium hydroxide", "1330": "01406 CD - Methylidyne", "1109": "06411 SO2 v2 = 2 - Sulfur Dioxide", "126": "10008 HC715N - 2,4,6-Heptatriynenitrile", "159": "04907 C4H v7 = 22 - 1,3-Butadiynyl radical", "1010": "04803 C36S v = 2 - Carbon Monosulfide", "84": "05905 CaF - Calcium monofluoride", "961": "05134 25MgNC - Magnesium Isocyanide", "21040": "03025 NO, v = 1 - Nitric oxide", "1128": "06106 29SiS v=2 - Silicon monosulfide  ", "66": "02903 D13CN - Hydrogen cyanide", "271": "07704 SiC213CC - Silicon tetracarbide", "1321": "08902 CH3CHNH2COOH - I - \u03b1-Alanine", "177": "07503 HC5N v11 = 2 - Cyanobutadiyne", "1252": "04512 13CS, v = 1 \u2013 0 band - Carbon monosulfide", "322": "04709 HC34S+ - Thioformylium", "21058": "05705 SiH3CN - Silyl cyanide", "21019": "05422 N13CCNH+ - Protonated dicyane", "979": "03012 DCO+ v2 = 2 - Formylium", "478": "03406 H2O2 - Hydrogen peroxide", "499": "05604 CH3CH2C15N - Ethyl Cyanide", "1037": "04708 13C34S v = 7 - Carbon Monosulfide", "21117": "0716 13CCC34S - 3-Thioxo-1,2-propadienylidene", "723": "04111 CaH - Calcium hydride", "1293": "06309 PS v=1 - Phosphorus monosulfide", "21125": "04664 CH2OO - Methylene peroxide", "21016": "06126 CH2(OH)CDO - Glycolaldehyde", "21180": "06918 a-n-C3H7CN, v29 = 1 - anti-n-butyronitrile, v29 = 1", "545": "04434 N2O v2=2 - Nitrous Oxide", "254": "05320 SiCCH - Ethynylsilylidyne", "1181": "02916 HCO+ v1 = 1 - Formylium", "1051": "05404 CH2CHC15N - Vinyl Cyanide", "1350": "03915 l-C3HD - Propadienylidene", "1305": "07202 CaS v=0 - Calcium sulfide", "21194": "06130 H34SCN - Thiocyanic acid", "287": "03111 CF - Fluoromethylidyne", "21171": "0726 C2H3OCHO - Vinyl formate", "1285": "06010 CH3COOH v=1 - Acetic Acid", "21122": "04663 t-HC(O)NHD - Formamide", "145": "05212 HCC13CN v7 = 1 - Cyanoacetylene", "21185": "05911 HSNC - Isothiofulminic acid", "1262": "04720 c-HONO - Cis - HONO", "1208": "01907 15NH2D - Ammonia", "1136": "06406 Si36S v=0 - Silicon monosulfide  ", "715": "03704 c-C3H - Cyclopropenylidyne", "1018": "04506 13CS v = 2 - Carbon Monosulfide", "21103": "0558 HSiNC - Isocyanosilylidene", "21018": "05421 NC13CNH+ - Protonated dicyane", "1204": "00502 HeH+ - Helium hydride cation", "70": "06217 TiN - Titanium nitride", "21035": "0932 C13CC3S - Thiopentatetraeynlidene", "633": "04016 MgO v=0 - Magnesium oxide", "1054": "05011 CCCN v5 = 1 - Cyanoethynyl", "318": "07609 NC3NC - 2-isocyano-3-propynenitrile", "580": "04501 HNC18O - Isocyanic Acid", "1311": "07417 KCl v = 2 - Potassium chloride", "567": "04404 H15NCO - Isocyanic Acid", "248": "05902 HNCS b-type - Isothiocyanic acid", "1348": "03707 HD34S - Hydrogen sulfide", "21045": "03314 15N18O - Nitric oxide", "21110": "04318 CHD2CN - Methyl cyanide", "21025": "0686 Si2C, v = 0 - Disilicone Carbide", "21120": "04661 DC(O)NH2 - Formamide", "21133": "0379 DCl+ - Hydrochloric acid cation", "21003": "04020 c-C13CCHD - Cyclopropenylidene", "632": "07001 CCC34S - 3-Thioxo-1,2-Propadieylidene", "667": "02101 DF - Hydrogen fluoride", "1280": "05808 NaCl v = 2 - Sodium Chloride", "475": "04103 CH313CCH - Methyl Acetylene", "259": "05802 H2C2S - Ethenthione", "21193": "06129 HNC34S a-type - Isothiocyanic acid", "1338": "08008 ZnO v=2 - Zinc Oxide", "336": "06301 O13C34S - Carbonyl Sulfide", "21004": "04021 c-CC13CHD - Cyclopropenylidene", "601": "04643 N218O - Nitrous Oxide", "250": "05129 l-C213CCH2 - Butatrienylidene", "21131": "01909 17OD - Hydroxyl radical", "1336": "08006 ZnO v=0 - Zinc Oxide", "21135": "04918 HO3 - HOOO radical", "21154": "04911 O217O-asym, v2 = 0 - Ozone", "21161": "06026 C2H5OCH3, v30 = 1 - Ethyl Methyl Ether", "21051": "0963 cis-S2O2 - Disulfur dioxide, cis-", "1209": "02005 H2DO+ - Hydronium", "21029": "06226 C213CC2H - 2,4-Pentadiynylidyne", "151": "07516 CaCl - Calcium monochloride", "1424": "06123 HSiS - Thiosilyl", "728": "05222 CNCN - Isocyanogen", "1151": "02905 H15N13C - Hydrogen Isocyanide", "414": "09201 C5S - Thiopentatetraeynlidene", "16": "06203 O13C33S - Carbonyl Sulfide", "1291": "06118 NH2CH2CH2OH v26+v27 - Aminoethanol", "1340": "02608 10BO - Boron monoxide", "238": "07103 CoC - Cobalt carbide", "382": "04011 CH3CCH \u03bd9 - Methyl Acetylene", "1093": "04430 SiO v = 5  - Silicon Monoxide", "188": "02402 NaH v=1 - Sodium hydride", "1081": "04649 P15N v=0 - Phosphorous nitride", "1214": "02301 22NeH+ - Neon hydride cation", "124": "02804 HC15N v2 = 1 - Hydrogen Cyanide", "617": "05408 CCC18O - 3-Oxo-1,2-Propadienylidene", "21167": "01502 CHD - Methylene radical", "83": "07801 30SiC4 - Silicon tetracarbide", "219": "17101 HC13N - Cyanohexaacetylene", "56": "03803 l-C13CCH v = 0  - Propynylidyne", "1007": "04611 C34S v = 7 - Carbon Monosulfide", "1266": "05114 HC3N v3=1 - Cyanoacetylene", "21144": "08301 t-C4H9CN - t-Butyl Cyanide", "390": "05234 CaC - Calcium carbide", "21063": "07620 gG'a-CH3CHOHCH2OH - 1,2-propanediol, gG'a ", "973": "02715 HNC v3=1 - Hydrogen Isocyanide", "21115": "0706 13CC13CS - 3-Thioxo-1,2-propadienylidene", "657": "04209 CaD - Calcium monohydride", "1194": "04820 CH3SH v = 2 - Methyl Mercaptan", "1369": "00102 Ps - Positronium", "166": "11301 CH3C7N - Methylcyanotriacetylene", "21024": "0598 H2PCN - Cyanophosphine", "171": "06421 CuH - Copper hydride", "1230": "03816 c-HCCCH  v3=1  - Cyclopropenylidene", "1332": "02818 C2D2 - Acetylene", "21186": "06030 DNCS a-type - Isothiocyanic acid", "347": "05812 KF v = 0 - Potassium fluoride", "21020": "05423 CH2CHCNH+ - Protonated vinyl cyanide", "21076": "06230 c-HC(O)SH - Monothioformic acid", "1123": "06210 30SiS v=2 - Silicon monosulfide", "21187": "06031 DNCS b-type - Isothiocyanic acid", "167": "05219 DC3N v7 = 1 - Cyanoacetylene", "21184": "05910 HCNS - Thiofulminic acid", "1273": "05308 DCCC15N - Cyanoacetylene", "21065": "0676 c-C4H4NH - Pyrrole", "89": "06418 H2C4N - Cyanopropynyl", "240": "02928 N2H+ v2 = 1 - Diazenylium", "165": "05321 t-HC3O - trans-Propynonyl", "348": "07411 aa-(C2H5)2O - Diethyl ether", "39": "08001 C4S - ", "1040": "04004 HCC15N - Cyanomethylene", "1361": "05615 13CCP - Phosphapropynylidyne", "42": "10006 HC513CCN - 2,4,6-Heptatriynenitrile", "21073": "05816 d-Si2H2 - Disilyne", "407": "02103 HD18O - Water", "329": "11201 CH3C8H - Methyltetraacetylene", "303": "02902 H13C15N v2 = 1 - Hydrogen cyanide", "21121": "04662 c-HC(O)NHD - Formamide", "1058": "14801 HC1115N - 2,4,6,8,10-Undecapentaynenitrile", "1282": "06004 cis-CH2OHCHO v=1 - Glycolaldehyde", "358": "03801 l-13CCCH v = 0  - Propynylidyne", "1428": "99999 HOCH2CN - Hydroxyacetonitrile", "21038": "0935 C413CS - Thiopentatetraeynlidene", "21138": "0368 HOF - Hypofluorous acid", "113": "04208 HNCNH - Carbodiimide", "1127": "06105 29SiS v=1 - Silicon monosulfide  ", "1318": "07802 46TiO2 - Titanium dioxide", "1119": "06205 Si34S v=1 - Silicon monosulfide", "21156": "04913 O217O-sym, v2 = 0 - Ozone", "1331": "01814 13CH3D - Monodeuterated Methane", "191": "07508 HC5N \u03bd7 - Cyanobutadiyne", "1172": "04648 AlF v=2 - Aluminum Monofluoride", "21027": "06224 C413CH - 2,4-Pentadiynylidyne", "384": "05217 HCCC15N v7 = 1 - Cyanoacetylene", "389": "07510 H2NCH2COOH - I v=0 - Glycine", "1243": "04311 c-C2H4NH - Ethylenimine", "21039": "11601 C7S - Thioheptahexaenylidene", "1063": "07615 41KCl v = 1 - Potassium chloride", "231": "04302 H2C13CO - Ketene", "981": "03003 DCND+ - Iminomethylium", "1278": "05703 HCCCH2OD - Propargyl Alcohol", "21023": "05704 PCN - Cyanophosphinidene", "1314": "07514 H2NCH2COOH - II v=1 - Glycine", "1130": "06304 29Si34S v=1 - Silicon monosulfide  ", "73": "04312 C2H3NH2 within 0+ & 0\u2013 - Vinylamine", "195": "05224 (c-C3H2)CH2 (C4H4) - Methylenecyclopropene", "1177": "00804 6LiD v=1 - Lithium Hydride", "377": "04901 13C36S - Carbon Monosulfide", "164": "04217 NCO - Oxocyanogen", "1012": "04805 C36S v = 4 - Carbon Monosulfide", "21164": "05820 c-C3H6O - Oxetane", "21089": "05706 HDNCH2CN - Aminoacetonitrile", "1062": "07612 K37Cl v = 1 - Potassium chloride", "980": "03013 DCO+ v3 = 1 - Formylium", "118": "03902 l-C13CCH2 - Propadienylidene", "978": "03011 DCO+ v2 = 1 - Formylium", "563": "01703 OH v=1 - Hydroxyl", "21192": "06036 HSC15N - Thiocyanic acid", "423": "01711 CH3D - Monodeuterated Methane", "969": "02708 HCN v2=2, v3=1 - Hydrogen Cyanide", "25": "05302 H13CC13CN - Cyanoacetylene", "21113": "0699 CC13CS - 3-Thioxo-1,2-propadienylidene", "540": "04403 HN13CO - Isocyanic Acid", "1312": "07511 H2NCH2COOH - I v=1 - Glycine", "1145": "04517 C33S v = 4 - Carbon Monosulfide", "1142": "04514 C33S v = 1 - Carbon Monosulfide", "1304": "07101 NF3 - Nitrogen Trifluoride", "67": "06416 l-SiC3 - l-3-Silanetetrayl-1,2-Propadienylidene", "333": "06413 SO2 &nu2 - Sulfur dioxide", "21050": "0784 SiC3N - Cyanoethynyl silylidyne", "1263": "04821 CH3OOH - Methyl peroxide", "21140": "0348 D2C18O - Formaldehyde", "21012": "04733 a-a-CH2DCH2OH - anti-Ethanol", "21066": "0687 c-C4H4O - Furan", "1138": "06408 Si36S v=2 - Silicon monosulfide  ", "976": "02919 HCO+ v2 = 2 - Formylium", "476": "00901 LiD v=0 - Lithium Hydride", "21017": "05420 NCCND+ - Protonated dicyane", "1126": "06110 Si33S v=2 - Silicon monosulfide  ", "87": "06605 CaNC - Calcium monoisocyanide", "566": "04437 AlOH - Aluminum hydroxide", "695": "08904 88SrH - Srontium Hydride", "265": "08801 SiC5 - ", "114": "04915 MgCCH - Magnesium monoacetylide", "21055": "02823 H13CN, v1 = 1 - Hydrogen cyanide ", "1255": "04714 c-H13COOH - Formic acid", "692": "04204 CH2DCN - Methyl cyanide", "1025": "04615 13C33S v = 2 - Carbon Monosulfide", "1415": "04544 CH3COD vt = 1  - Acetaldehyde", "1061": "07416 KCl v = 1 - Potassium chloride", "1108": "04634 Si18O v = 4  - Silicon Monoxide", "1276": "05609 HCCCH2OH - Propargyl Alcohol", "21015": "06125 CHD(OH)CHO - Glycolaldehyde", "1258": "04722 PO+ v=1 - Phosphorus Oxide Ion", "672": "04007 SiC v = 1 - Silicon Monocarbide", "21191": "06035 DSCN - Thiocyanic acid", "21152": "01712 15NH2 - Amidogen", "1039": "04003 HC13CN - Cyanomethylene", "21009": "06429 g-C2H534SH - Ethanethiol, gauche", "1347": "03503 H233S - Hydrogen sulfide", "366": "06422 ScF - Scandium monofluoride"}, "species_probable": {"1343": "02815 CO v = 3 - Carbon Monoxide", "778": "03004 14CO - Carbon Monoxide", "1387": "08204 50TiS, 3\u0394r - Titanium Sulfide", "1074": "01808 H2O v1=1 - Water", "1391": "04654 NS, v=1-0 IR band - Nitric Sulfide", "1389": "05810 NaCl v = 4 - Sodium Chloride", "1395": "04917 15N34S - Nitric Sulfide", "1169": "06424 Al37Cl v=1 - Aluminum Monochloride", "1405": "04114 HCCO, X 2A - Ketenyl", "1402": "04730 a-13CCH3CH2OH - anti-Ethanol", "991": "02814 CO v = 2 - Carbon Monoxide", "1407": "04542 c-C13CH4O - Oxirane, ethylene oxide, oxa-cyclopropane", "21087": "04829 30Si18O, v = 0-3 - Silicon monoxide (global fit)", "128": "05303 HC13C13CN - Cyanoacetylene", "1403": "04113  HNCN, X 2A - Cyanoamidogen/Iminomethyleneamidogen", "992": "02911 13CO v = 1 - Carbon Monoxide", "1386": "07803 46TiS, 3\u0394r - Titanium Sulfide", "1406": "04018 c-C3D2 - Cyclopropenylidene", "1170": "06425 Al37Cl v=2 - Aluminum Monochloride", "21166": "06029 NH2CONH2 - Urea", "1072": "00303 HD v = 1 - Molecular Hydrogen", "1418": "05419 N-CH2NCN - Cyanomethanimine", "21143": "05709 CH3NCO, vb = 1 - Methyl isocyanide", "1393": "04728 15NS - Nitric Sulfide", "1385": "08009 TiS, 3\u0394r - Titanium sulfide", "993": "02912 13CO v = 2 - Carbon Monoxide", "1420": "01305 CH+, v=2 \u2013 0 band - Methylidynium", "330": "03604 C3 \u03bd2 - Carbon trimer", "1401": "04729 a-CH313CH2OH - anti-Ethanol", "1392": "04727 N33S - Nitric Sulfide", "168": "01603 CH2D+ - Methylium", "1394": "05022 N36S - Nitric Sulfide", "1390": "04653 NS, v=1 - Nitric Sulfide", "1419": "01304 CH+, v=1 \u2013 0 band - Methylidynium", "154": "05323 AlCN - Aluminum Cyanide", "1382": "07618 OSiS - Silicon oxysulfide", "1075": "01809 H2O v3=1 - Water", "331": "03026 NO+ - Nitric oxide ion", "1408": "04655 c-C2H418O - Oxirane, ethylene oxide, oxa-cyclopropane"}}