{
    "dec": "degree",
    "pl_bmassj": "M_jup",
    "pl_bmassjerr1": "M_jup",
    "pl_bmassjerr2": "M_jup",
    "pl_bmassjlim": "M_jup",
    "pl_bmassn": "",
    "pl_dens": "g/cm**3",
    "pl_denserr1": "g/cm**3",
    "pl_denserr2": "g/cm**3",
    "pl_denslim": "g/cm**3",
    "pl_densn": "",
    "pl_orbeccen": "",
    "pl_orbeccenerr1": "",
    "pl_orbeccenerr2": "",
    "pl_orbeccenlim": "",
    "pl_orbeccenn": "",
    "pl_orbincl": "degree",
    "pl_orbinclerr1": "degree",
    "pl_orbinclerr2": "degree",
    "pl_orbincllim": "degree",
    "pl_orbincln": "",
    "pl_orbper": "day",
    "pl_orbpererr1": "day",
    "pl_orbpererr2": "day",
    "pl_orbperlim": "day",
    "pl_orbpern": "",
    "pl_orbsmax": "AU",
    "pl_orbsmaxerr1": "AU",
    "pl_orbsmaxerr2": "AU",
    "pl_orbsmaxlim": "AU",
    "pl_orbsmaxn": "",
    "pl_pnum": "",
    "pl_radj": "R_jup",
    "pl_radjerr1": "R_jup",
    "pl_radjerr2": "R_jup",
    "pl_radjlim": "R_jup",
    "pl_radn": "",
    "ra": "degree",
    "st_dist": "parsec",
    "st_disterr1": "parsec",
    "st_disterr2": "parsec",
    "st_distlim": "parsec",
    "st_distn": "",
    "st_mass": "M_sun",
    "st_masserr1": "M_sun",
    "st_masserr2": "M_sun",
    "st_masslim": "M_sun",
    "st_massn": "",
    "st_optmag": "mag",
    "st_optmagerr": "mag",
    "st_optmaglim": "mag",
    "st_posn": "",
    "st_rad": "R_sun",
    "st_raderr1": "R_sun",
    "st_raderr2": "R_sun",
    "st_radlim": "R_sun",
    "st_radn": "",
    "st_teff": "Kelvin",
    "st_tefferr1": "Kelvin",
    "st_tefferr2": "Kelvin",
    "st_tefflim": "Kelvin",
    "st_teffn": ""
}